Description,Name
logo of a two waterdrops with face,1.png
 logo of a single smiling water drop,waterdropsmile.png
logo of a roaring baby dinosour ,babydinosur.png
"logo of a pink,yellow,blue fabulous",fabouls2.png
 logo of a multicolourd fabulous ,fabouls.png
logo of a sale with black font,sale.png
logo of a halloweengirl with decorations,halloween w.png
logo of a happy halloween banner held by monster ,hallowen.png
logo of a white mountations,whitemountation1.png
logo of a pumpking man ,pimpkingman.png
logo of a red paint bucket with brush,red.png
logo of a purple paint bucket with brush,purplepaun.png
logo of a yellow paint bycket with brush,yelowpaint.png
logo of a green frog with straight face,greenfrog.png
logo of a pumpking decoration skull,skull.png
logo of a clipart dog,ai-generated-9084141_1280.png
logo of a old time women black and white clipart,bw1990w.png
logo of a old time men with beard black and white clipart,bwbeard2.png
logo of a old time men with long hair black and white clipart,bwshavenbeard.png
logo of a old time men with pointed beard black and white clipart,bwpointbeard.png
logo of a old time man with thick beard black and white clipart,bwbeardman.png
logo of a three head dragon black and white clipart,bwdragon.png
logo of a bull face man black and white,musclebull2.png
logo of a muscuiler man with bull face black and white,musclebull.png
logo of a squirl black and white,squril.png
logo of a squirl eating nut black and white,squrileating.png
logo of a shrederd bull face man ,bwbullman.png
logo of a santa black and white,bwsanta.png
logo of a beautiful  butterfly,butterfly.png
logo of a facebook,vecteezy_facebook-logo-png-facebook-icon-transparent-png_18930698.png
logo of a instagram,vecteezy_instagram-logo-3d-illustration_12493083.png
logo of a whatsapp,vecteezy_whatsapp-logo-3d-render_12162809.png
logo of a red location pin,vecteezy_location-pin-3d-png-image-for-travel-equipment-location-pin_11016930.png
logo of a red banner ,vecteezy_red-paper-scroll-vector-illustration-isolated-on-white_9313614.png
logo of a ribbon banner red,vecteezy_3d-realistic-shiny-ribbon-on-transparent-background_16774454.png
logo of a blue water color stain,vecteezy_blue-watercolor-stain-watercolor-background_21971442.png
logo of a clipart eye,—Pngtree—view icon_5196447.png
logo of a sumo wrestler,sumo.png
logo of a black and white human heart,bwheart.png
logo of a human heart,349593.png
logo of a coloful vector of a short hair girl,349609.png
logo of a symbol emblems,symbolEmblems.png
logo of a two black leafs,blackleafEmblems.png
logo of a blue wolf emblem,bluewolfEmblems.png
logo of a blue dragon with sword,bluedragon7.png
logo of a black shield,bluedragon7.png
logo of a deadpool face,deadpoolEmblems5.png
logo of a red and white bird,redandwhitebirdEmblems4.png
logo of a red phenix bird,redphenixlogoEmblems3.png
logo of a blue and grey shield,blueshieldEmblems2.png
logo of a gold leafs emblem,goldplantemblemEmblems1.png
logo of a blue and grey wave,bluefashinlblewaveAbstract40.png
logo of a red color wave,redwaveAbstract39.png
logo of a green feather abstract,greenfeather typeAbstract38.png
logo of a pink color curve abstract,pinkcurveeAbstract37.png
logo of a geometric art,gemoetricartAbstract36.png
logo of a gold color stain ,goldAbstract35.png
logo of a beach ,beachAbstractorangebluecoconut34.png
logo of a light blue abstrct design,kightblueAbstract33.png
logo of a pink color wave abstract,pinkwaveAbstract32.png
logo of a paint colors,paintcolor31.png
logo of a orange color lines abstract,coolorangelinesAbstract30.png
logo of a blue color curve abstract,curveAbstractartlinecolorfulgeometriccurveAbstract29.png
logo of a black doot pattern,dotpattern28.png
logo of a green color curve abstract,Abstractgreen27.png
logo of a  black and white pattern abstract,blackandwhitepatternAbstract26.png
logo of a light blue curve abstract design,bluecurveeculideanAbstract25.png
logo of a multicolored spiral design abstract,multicolouredspiralAbstract24.png
logo of a green and blue color abstract,greenblueAbstract23.png
logo of a big blue color abstract,bigwaveblueAbstract22.png
logo of a brown color geometric pattern abstract,geometricpatternbrownAbstract21.png
logo of a blue color three dimenshial design,threedimenshialAbstract20.png
logo of a shading traingle abstract,shadingtraingleAbstract19.png
logo of a blue color cube design,bluebackgroundAbstract18.png
logo of a orange abstract design,orangeAbstract17.png
logo of a water color painting,watercolorpaintingAbstract16.png
logo of a blue color wave,angleblueAbstract15.png
logo of a blue texture abstract,bluetextureAbstract14.png
logo of a multicolored abstract,multicolouredpinkgreenblueAbstract13.png
logo of a orange color box abstract,orangebackgroundAbstract12.png
logo of a red color line abstract,redlineAbstract11.png
logo of a yellwo and pink circle abstract,circleyellopinkpurpleAbstract10.png
logo of a geometric lines,linegeometryAbstract9.png
logo of a multicolored traingles,multicolourdtriangleshepAbstract8.png
logo of a pink and yellow geomtric shapes ,pinkyellowgeometricshapeAbstract7.png
logo of a chart abstract,chartAbstractAbstract6.png
logo of a red and yellow spiral abstarct,redandyellowspiralAbstract5.png
logo of a lines of geometric abstract,geomertyAbstract4.png
logo of a pink blue and yellow lines,Abstract3.png
logo of a green lines abstract,Abstract2.png
logo of a multicolored lines ,Abstract1.png
logo of a cricket batsman red and orange color,Sports50.png
logo of a cricket name with batsman,Sports49.png
logo of a gym dumbell clipart,Sports48.png
logo of a basketball ,Sports47.png
logo of a gymbodybuilder with two dumbells on each hands,Sports46.png
logo of a female tennis playyer wearing white,Sports45.png
logo of a multicolored basket ball player illustration,Sports44.png
logo of a realistic cyclist,Sports43.png
logo of a realistic badminton player ,Sports42.png
logo of a swimmer black and white,Sports41.png
logo of a football player kikking the ball ,Sports40.png
logo of a sport car clipart black and white,Sports39.png
logo of a torrnado theme blue color sport club,Sports38.png
logo of a running women black and white clipart,Sports37.png
logo of a marothan clipart,Sports36.png
logo of a basket ball player black and white clipart,Sports35.png
logo of a football player kikking the ball clpiart black and white,Sports34.png
logo of a badminton player black and white clipart,Sports33.png
logo of a football player wearing white ,Sports32.png
logo of a sport red color motor bike ,Sports31.png
logo of a child swimmer clipart,Sports30.png
logo of a two basket ball players illustartion,Sports29.png
logo of a sport car clipart black and white and red,Sports28.png
logo of a motor bike rider black and whit clipart,Sports27.png
logo of a volly ball player black and white clipart,Sports26.png
logo of a female runner ,Sports25.png
logo of a team playing vollyball,Sports24.png
logo of a female and male runners,Sports23.png
logo of a realistic bodybuilder with two dumbells,Sports22.png
logo of a realistic football player,Sports21.png
logo of a colord football,Sports20.png
logo of a olympic torch with flame clipart,Sports19.png
logo of a runner illustrater,Sports18.png
logo of a football player clipart,Sports17.png
logo of a basketball player multicolord illustrater,Sports16.png
logo of a female runner illustrater,Sports15.png
logo of a football with abstract lines,Sports14.png
logo of a male runner illustarter,Sports13.png
logo of a female runner ,Sports12.png
logo of a football player headkick ball ,Sports11.png
logo of a female baskketball player,Sports10.png
logo of a relatistic male runner,Sports9.png
logo of a sport city,Sports8.png
logo of a male and female marathon runners black and white clip art,Sports7.png
logo of a olympic sport games with green color background design,Sports6.png
logo of a male players of various games ,Sports5.png
logo of a  basket ball,Sports4.png
logo of a sport player with blue and yellow lines,Sports3.png
logo of a sport in font and game players,Sports2.png
logo of a olympic game players illustrater,sport1.png
logo of a multicolored camera illustrater,Multicoloredcamera.png
logo of a green color eco friendly house ,ecofreindlyhouse.png
logo of a eco friendly recycle logo with one  leaf,ecofriendlyrecyclelogowithineleaf.png
logo of a green color eco friendly water drop ,cofreindlywaterdrop.png
logo of a eco friendly leaf hanging on hanger eco friendly dry cleaning,ecofriendlydrycleaning.png
logo of a eco friendly tree inside of green circle,ecofreindlytreecircle.png
logo of a world with one leaf black and white clipart,ecofreindlyworldeblack.png
logo of a eco friendly car blue color,electriccar.png
logo of a shading colors green bio eco friendly,biofreiendlyeco.png
logo of a eco frienly house ,ecofrienldyhome.png
logo of a eco friendly leafs with globe,ecofreindlyleafswithlogo.png
logo of a environmentally friendly in font,environmentfreind.png
logo of a eco friendly earth clipart with colors,ecofriendlyworls.png
logo of a recycle logo around earth,ecofriendlyrecyccle.png
logo of a eco friendly theme blub,ecofreidnslybulb.png
logo of a eco friendly theme save world clipart,ecofriendlychild.png
logo of a eco friendly product,ecofrendlyproduct.png
logo of a eco friendly two green leafs clipart,greenleaf.png
logo of a eco friendly in circle font,100ecofriendly.png
logo of a eco friendly with green curves,ecocircle.png
logo of a graduation hat clipart ,uni.png
logo of a startup rocket,startup.png
logo of a buy in market,buy.png
logo of a astronut child clipart colored,astronutchild.png
logo of a pack of anime cats,animecats.png
logo of a mcqueen sport car,mcqueen.png
logo of a cartoon snake ,snake.png
logo of a cartoon camel,camel.png
logo of a anime themed school girl,animeschoolcaracter.png
logo of a realistic horse,horse.png
logo of a anime boy,animeboy.png
logo of a anime super hero caracter,animesuperherocaracter.png
logo of a anime young girl,animeyounggirl.png
logo of a pig clip art,pig.png
logo of a anime super hero,animesuperhero.png
logo of a anime boy drawing,animeboydrawing.png
logo of a alien clipart,alien.png
logo of a elephant colored clip art,elephatnt.png
logo of a minions,threeminions.png
logo of a animals in a safari jeep colored clipart,animalsoncar.png
logo of a turtle colored clipart,turtle.png
logo of a realistic lion,realisticlion.png
logo of a anime girl,animegirlsitting.png
logo of a female anime ,femaleanimeblackhair5.png
logo of a female anime school girl,femaleanime4.png
logo of a cartoon lion animal,cartoonlionAnimal3.png
logo of a cartoon fox animal clipart,foxcartoon2.png
logo of a realistic dog and cats,setofanimals1.png
logo of a children playing in a ground clipart colored ,childrenplayingjumping30.png
logo of a children on a cloud ,clidrenoncloud29.png
logo of a children singing clipart colored ,childresinging28.png
logo of a childrens ,childrenwithletters27.png
logo of a childrens studing colored clipart,childrensittingonbook26.png
logo of a childres in a bus colored clipart ,clidrenbus25.png
logo of a childrens around the world colored clipart,childrensurronguniverse24.png
logo of a child studing colored clipart,childrenreadthinking23.png
logo of a children studing colored clipart,childrenplayingonbooks22.png
logo of a child drawing studing colored clipart,childrendrawinggirl21.png
logo of a colored children theme clipart,multicolordskethzooart20.png
logo of a happy school boy colored clipart,happychildrenboy19.png
logo of a children around the world colored clipart,childrensurrondedearth18.png
logo of a children painting colored clipart,paintingdrawingchildre17.png
logo of a male and female children studing ,girlandboyreading16.png
logo of a child palying with letters colored clipart,childrenreading15.png
logo of a  chidren studing cartoon clipart,childrencartoon14.png
logo of a childres playing games colored clipart,childrenplayinggsames13.png
logo of a childresn playing games outdoor clipart,happychildrencartoon12.png
logo of a childresn playing with paint colored clipart,childrenplaying11.png
logo of a clidren playing crtoon clipart,clidrenplayingcrtoon10.png
logo of a childrens,childrengang9.png
logo of a childresn studing in classroom colored clipart,classroom8.png
logo of a friends children colored clipart,childrenfrends7.png
logo of a school childrens ,student-girl6.png
logo of a children cartoon colored clipart,Childrencartoon5.png
logo of a childrens playing,Childrenjump4.png
logo of a childrens around circle,Childrenincircle3.png
logo of a school childrens ,schoolchildren2.png
logo of a children drawig,Childrendrwing1.png
logo of a multicolored lips,Multicoloredlip14.png
logo of a Multicolored feather,Multicoloredfeather12.png
logo of a peacock animal,Multicoloredpeacock11.png
logo of a eco friendly feather in a circle,greenfeatherecofreidlyincircle.png
logo of a multicolored smile faces on hands,Multicoloredhands10.png
logo of a Multicolored hearts,Multicoloredhearts9.png
logo of a blue bird animal,Multicoloredbird8.png
logo of a lolipop multicolored,Multicoloredlolipop7.png
logo of a multicolored stains,Multicoloredpaintingbrush6.png
logo of a multicolored mandala design,Multicoloredmundala5.png
logo of a Multicolored aura light circle,Multicoloredauralightcircle4.png
logo of a Multicolored ballons,Multicoloredballons3.png
logo of a Multicolored headset illustrater,Multicoloredheadset2.png
logo of a eco in font with leafs,ecoleaf.png
logo of a eco freindly font inside bulb,ecofreindlyteeinsidebulb.png
logo of a green plaet earth,greenplantearth.png
logo of a eco freindly leafs inside world,ecofreindlyleafsinsideworls.png
logo of a eco friendly corn,ecofreindlycorn.png
logo of a eco friendly simple tree clipart,ecofreindlytreesimple.png
logo of a eco friendly world with hearts,ecofreidnlyworlhearst.png
logo of a eco friendly  world,ecofreinylwafandworls.png
logo of a eco friendly sustanble,sustaneblelogo.png
logo of a green color eco friendly car,ecofriendlycar.png
logo of a fashion model wearing red dress female,reddresgirl.png
logo of a fashion model male wearing black full suit,blackfullsuit.png
logo of a raybapn sunglass pair black,subglass28.png
logo of a fashion male model wearing navy blue suit,fullsiugry-bluemen.png
logo of a fashion female model black and white clipart,fasinble-women-catwork-bandw26.png
logo of a curve sunglass pair black,sunglasspair25.png
logo of a fashion female wearing heals with denim clipart,women-heels-denim24.png
logo of a fashion female shopping black and white clipart,shopping+girl+blackndw23.png
logo of a fashion  female model illustration clipart colored,illustration+22.png
logo of a fashion model male wearing fullsuit blue with bag,fullsuitmenwithbag21.png
logo of a fashion illustration black and white clipart,fasion+illustration+blackdress+artwork20.png
logo of a girl wearing fashion dress blue color,bluedress+girl+sitting19.png
logo of a girl wearing  fashiongreen color dress clipart,greendress+fashion+girl+bag18.png
logo of a saloon,saloon16.png
logo of a old fasion two men ,oldfashion+2gents15.png
logo of a female wearing sunglass and oink dress fashion clipart,fashiongirl+sunglass+pinkdress.png
logo of a blue color fashion drawing clipart,fashion+drawing13.png
logo of a fashion sketch clipart,faschion+sketch+women112.png
logo of a cool fashion cat clipart,fashion+cat11.png
logo of a women shopping colored clipart,women+shooping10.png
logo of a fashion model wearign red dree with chain,women+chain10.png
logo of a fashion women with hand bag clipart colored,woem+handbags9.png
logo of a fashion women with pink dress,womenpinkdress8.png
logo of a fashion shopping girl,shoppinggirl7.png
logo of a fashion art clipart,artfashiongirl6.png
logo of a  girls fashion,girlsfashion5.png
logo of a fashion model female,4fashion.png
logo of a female fashion model ,relatisticwashoionmodel3.png
logo of a fashion model girls clipart colored,3fashionwomens2.png
logo of a cat walk fashion model,catwalkfashionmodel1.png
logo of a eco friendly earth,ecofriendlyearth.png
logo of a eco freindly colored clipart,ecofreindlywithanimalart.png
logo of a eco freindly inside of boot,ecofreindlyinsideofboot.png
logo of a eco friendly small plant colored clipart,ecofreindlyplantsmall.png
logo of a eco dumptruck,ecotruck.png
logo of a eco friendly leaf plug,ecoleafplug.png
logo of a eco leaf house,ecoleafhouse.png
logo of a fashion male model wearing navy blue denim ,png-transparent-mikkel-gregers-jensen-denim-jeans-model-fashion-jeans-tshirt-fashion-fashion-model-thumbnail.png
logo of a fashion illustration clipart colored,png-transparent-fashion-illustration-new-york-fashion-week-drawing-design-watercolor-painting-fashion-fashion-illustration-thumbnail.png
logo of a fashion girl colored clipart,png-transparent-fashion-girl-paper-sublimation-askartelu-printing-textile-fashion-travel-girl-creative-white-fashion-girl-cardboard-thumbnail.png
logo of a fashion model face,png-transparent-man-illustration-avatar-icon-fashion-men-avatar-face-fashion-girl-heroes-thumbnail.png
logo of a fashion model female classy ,png-transparent-fashion-model-logo-cartoon-model-design-cartoon-character-celebrities-cartoons-thumbnail.png
logo of a fashion model female with long black dress colored clipart,png-transparent-fashion-illustration-illustrator-illustration-fashion-female-model-watercolor-painting-celebrities-fashion-girl-thumbnail.png
logo of a fashion gucci snake,png-transparent-gucci-fashion-snake-snake-animals-vertebrate-scaled-reptile-thumbnail.png
logo of a fashioncool dog animal red and blue,png-transparent-fashion-sketch-material-animal-blue-hat-fashion-girl-thumbnail.png
logo of a fashion hand bag blue color,png-transparent-museum-of-bags-and-purses-handbag-messenger-bag-fashion-women-s-handbags-zipper-blue-white-thumbnail.png
logo of a fashion model face female with ring,png-transparent-face-cosmetics-fashion-make-up-eye-shadow-fashion-makeup-female-face-closeup-woman-taking-selfie-ring-black-hair-fashion-girl-thumbnail.png
logo of a fashion illustration colored clipart,png-transparent-woman-sitting-on-chair-illustration-fashion-illustration-drawing-sketch-fashion-sketch-watercolor-painting-fashion-painting-thumbnail.png
logo of a paris fashion,png-transparent-paris-fashion-week-fashion-illustration-paris-fashion-world-illustrator-thumbnail.png
logo of a fashion hand bag purple color,png-transparent-fashion-handbag-women-s-handbags-purple-white-luggage-bags-thumbnail.png
logo of a fashion shopping  happy girl,png-transparent-fashion-design-boutique-idea-name-shopping-girl-fashion-girl-fashion-happy-birthday-vector-images-thumbnail.png
logo of a fashion shoes with red heel,png-transparent-pair-of-black-heels-illustration-fashion-illustration-high-heeled-footwear-shoe-illustration-fashion-high-heels-painted-fashion-girl-hand-thumbnail.png
logo of a fashion illustration girl face,png-transparent-beauty-parlour-illustration-line-fashion-beautiful-woman-portrait-illustration-white-face-fashion-girl-thumbnail.png
logo of a fashion hair cut ,png-transparent-men-s-haircut-illustration-hairstyle-regular-haircut-boy-fashion-cut-people-hair-beard-thumbnail.png
logo of a fashion bag red color,png-transparent-woman-sitting-on-red-chanel-bag-illustration-illustrator-fashion-illustration-drawing-illustration-fashion-bags-painted-fashion-girl-hand-thumbnail.png
logo of a fashion women color clipart,png-transparent-woman-in-pink-dress-illustration-drawing-fashion-illustration-fashion-design-sketch-creative-pink-skirt-woman-watercolor-painting-business-woman-people-thumbnail.png
logo of a fashion shopping lady,png-transparent-woman-fashion-shopping-beauty-woman-holding-three-paper-bags-fashion-girl-photography-people-thumbnail.png
logo of a fashion shopping girl with bags,png-transparent-girl-shopping-bags-fashion-girl-thumbnail.png
logo of a barbie in pink ,png-transparent-barbie-fashion-doll-mattel-logo-barbie-text-fashion-magenta-thumbnail.png
logo of a fashion girl wearing barbie pink dress,png-transparent-woman-dancing-illustration-barbie-a-fashion-fairytale-ballet-barbie-ballet-dancer-shoe-desktop-wallpaper-thumbnail.png
logo of a fashion character black and white clipart,png-transparent-clothing-fashion-dress-woman-creative-fashion-icon-fashion-monochrome-fictional-character-thumbnail.png
logo of a fashion model clipart black and white ,png-transparent-black-and-white-fashion-girl-pattern-fashion-girl-model-fashion-women-thumbnail.png
logo of a fashion illustration colored ,png-transparent-fashion-illustration-goddess-people-fashion-fashion-illustration-thumbnail.png
logo of a fashion mannewuin clipart black and white,png-transparent-mannequin-dress-form-silhouette-fashion-textile-silhouette-animals-textile-fashion-thumbnail.png
logo of a fashion model spotlight realistic,png-transparent-heidi-klum-jordache-jeans-model-fashion-fashion-spotlight-hat-girl-shoe-thumbnail.png
logo of a fashion sytle in black font,png-transparent-street-fashion-new-york-fashion-week-street-style-model-style-love-celebrities-text-thumbnail.png
logo of a fashion model wearing jeans realistic,png-transparent-fashion-jeans-women-fashion-women-jeans-pretty-thumbnail.png
logo of a transparent fashion shoe sneakers clipart,png-transparent-sneakers-fashion-shoe-thumbnail.png
logo of a fashion illustration clipart,png-transparent-fashion-illustration-fashion-design-design-fashion-illustrator-fashion-illustration-thumbnail.png
logo of a red color pair of sunglass,png-transparent-goggles-sunglasses-guess-fashion-sunglasses-fashion-woman-glasses-thumbnail.png
logo of a fashion male model realistic ,png-transparent-overcoat-fashion-male-model-zara-model-thumbnail.png
logo of a models fashion female wearing red color ,png-transparent-fashion-graphy-model-haute-couture-shoot-model-celebrities-white-photography-thumbnail.png
logo of a kovalammunnar traveling,png-transparent-kovalam-munnar-wayanad-district-kochi-tourism-in-kerala-travel-beach-religion-tradition-thumbnail.png
logo of a travel couple colored clipart,png-transparent-tourism-significant-other-illustration-travel-couple-love-painted-hand-thumbnail.png
logo of a travel package tour guide,png-transparent-package-tour-tour-guide-walt-disney-world-バスガイド-tourism-travel-child-hand-toddler-thumbnail.png
logo of a travel bag colored clipart,png-transparent-tourism-cartoon-significant-other-cartoon-travel-luggage-cartoon-character-hat-cartoons-thumbnail.png
logo of a group infront of travel world,png-transparent-group-of-people-in-front-of-world-travel-agent-tourism-family-travel-abroad-people-world-summer-thumbnail.png
logo of a travel thumbnail colored clipart,png-transparent-nagarkot-package-tour-travel-tourism-cartoon-travel-material-cartoon-character-balloon-cartoons-thumbnail.png
logo of a travel black and white clipar,png-transparent-nagarkot-package-tour-travel-tourism-cartoon-travel-material-cartoon-character-balloon-cartoons-thumbnail.png
logo of a travel realistic logo with plane,png-transparent-nha-trang-travel-tourism-hotel-global-travel-globe-computer-wallpaper-happy-birthday-vector-images-thumbnail.png
logo of a travel vacation beach black and white clipart,png-transparent-margao-tourism-vacation-punta-cana-travel-vacation-beach-furniture-monochrome-thumbnail.png
logo of a travel package guide,png-transparent-package-tour-travel-tourism-computer-icons-vacation-travel-text-logo-vehicle-thumbnail.png
logo of a travel package boat and plane,png-transparent-package-tour-andaman-and-nicobar-islands-travel-agent-tourism-chopta-travel-logo-computer-wallpaper-accommodation-thumbnail.png
logo of a travel bangcock,png-transparent-package-tour-andaman-and-nicobar-islands-travel-agent-tourism-chopta-travel-logo-computer-wallpaper-accommodation-thumbnail.png
logo of a travel boarding pass colored clipart,png-transparent-travel-tourism-airline-ticket-travel-passports-and-air-tickets-miscellaneous-graduation-ceremony-traveling-thumbnail.png
logo of a happy travel,png-transparent-man-holding-planet-smiling-europe-travel-tourism-vacation-business-people-traveling-people-apartment-happy-birthday-vector-images-thumbnail.png
logo of a travel poster colored clipart,png-transparent-poster-tourism-travel-world-travel-poster-world-cartoon-world-map-thumbnail.png
logo of a travel plane grey and blue,png-transparent-travel-agent-corporate-travel-management-business-tourism-travel-insurance-travel-purple-emblem-service-thumbnail.png
logo of a travel bag with hat,png-transparent-travel-baggage-suitcase-tourism-sticker-travel-box-hat-computer-leather-thumbnail.png
logo of a travel baggage colored clipart,png-transparent-backpacking-travel-tourism-backpacking-luggage-bags-painted-backpack-thumbnail.png
logo of a travel passport clipart colored,png-transparent-traveling-visa-cards-illustration-euclidean-passport-tourism-travel-passport-miscellaneous-happy-birthday-vector-images-traveling-thumbnail.png
logo of a black and white travel places clipart,png-transparent-travel-silhouette-battery-charger-tourism-travel-text-photography-logo-thumbnail.png
logo of a new year time colored in travel thailand,png-transparent-tourism-in-thailand-songkran-illustration-yellow-thailand-travel-decorative-new-year-time-thumbnail.png
logo of a travel boy with hat,png-transparent-euclidean-travel-tourism-icon-tourists-traveling-by-the-sea-man-carrying-slr-camera-and-luggage-bag-illustration-hat-boy-fictional-character-thumbnail.png
logo of a airlinr flight travel,png-transparent-airplane-flight-travel-tourism-ninety-infographic-text-logo-thumbnail.png
logo of a travel tourist with backpack black and white cliprt,png-transparent-backpacking-travel-blue-ridge-parkway-airline-ticket-tourism-travel-white-logo-monochrome-thumbnail.png
logo of a trael and tourisam colored,png-transparent-package-tour-panglao-island-travel-tourism-chocolate-hills-travel-chocolate-hills-банк-world-travel-and-tourism-council-thumbnail.png
logo of a travel globe  ,png-transparent-impacts-of-tourism-package-tour-industry-travel-travel-globe-service-world-thumbnail.png
logo of a travel world buildings,png-transparent-travel-tourism-landmark-travel-building-world-monument-thumbnail.png
logo of a travel tourisam icons black and white clipart,png-transparent-package-tour-travel-tourism-computer-icons-hotel-touristic-text-logo-monochrome-thumbnail.png
logo of a travel couple waving hand colored clipart,png-transparent-travel-itinerary-cartoon-tourism-travel-website-travel-hand-public-relations-transport-thumbnail.png
logo of a travel globe tourisam material,png-transparent-moneta-tour-guide-ansichtkaart-travel-tourism-global-tourism-material-png-material-building-globe-thumbnail.png
logo of a travel luggage bag blue color,png-transparent-hand-luggage-travel-tourism-suitcase-baggage-suitcase-blue-luggage-bags-suitcase-thumbnail.png
logo of a travel team with bags,png-transparent-people-with-travel-luggages-illustration-port-blair-package-tour-travel-agent-tourism-travel-people-other-luggage-bags-product-thumbnail.png
logo of a travel train,png-transparent-travel-circumnavigation-tourism-travel-image-file-formats-computer-wallpaper-eiffel-thumbnail.png
logo of a travel places eifel paris rome,png-transparent-airplane-travel-tourism-world-travel-purple-text-fashion-thumbnail.png
logo of a travel tourist family,png-transparent-tourism-tour-guide-travel-vacation-tourist-child-hand-people-thumbnail.png
logo of a travel air around earth,png-transparent-camera-plane-and-ball-illustration-air-travel-world-tourism-day-flight-travel-website-world-travel-world-cartoon-earth-thumbnail.png
logo of a men and women traveling,png-transparent-man-and-woman-traveling-tourism-travel-euclidean-travel-map-text-backpack-happy-birthday-vector-images-thumbnail.png
logo of a travel black and white cllipart ,png-transparent-package-tour-travel-agent-travel-website-tourism-travel-logo-monochrome-sticker-thumbnail.png
logo of a travel landmarks around the world,png-transparent-landmarks-illustration-landmark-building-tourism-global-travel-building-world-earth-thumbnail.png
logo of a multicolored cities in earth to travel,png-transparent-travel-tourism-graphy-infographic-city-travel-globalization-multicolored-city-illustration-text-city-global-thumbnail.png
logo of a travel plan colored clipart,png-transparent-tourism-travel-agent-business-travel-website-travel-plan-business-planning-thumbnail.png
logo of a travel tent,png-transparent-tent-tourism-camping-travel-travel-tent-campsite-camping-thumbnail.png
logo of a travel tourist attract places ,png-transparent-tourism-travel-collage-vacation-tourist-attraction-travel-food-photography-poster-thumbnail.png
logo of a world travel and tourisam,png-transparent-thailand-travel-tourism-hotel-travel-and-tourism-world-travel-and-tourism-traveller-thumbnail.png
logo of a travel around world colored clipart,png-transparent-travel-tourism-export-global-travel-world-earth-traveling-thumbnail.png
logo of a travel couple realistic ,png-transparent-travel-agent-tourism-backpack-travel-insurance-travel-backpack-travel-couple-agadir-thumbnail.png
logo of a travel agent and fonts ,png-transparent-travel-tourism-baggage-travel-text-logo-travel-agent-thumbnail.png
logo of a travel couple exploring,png-transparent-taman-negara-travel-hotel-package-tour-tourism-travel-photography-girl-business-thumbnail.png
logo of a happy travel family,png-transparent-travel-insurance-tourism-vacation-travel-insurance-vehicle-proposal-thumbnail.png
logo of a travel men with his passport,png-transparent-tourism-travel-visa-passport-travel-tshirt-arm-business-thumbnail.png
logo of a traveler traveling over map,png-transparent-illustration-of-character-traveling-travel-tourism-euclidean-global-travel-backpack-computer-wallpaper-happy-birthday-vector-images-thumbnail.png
logo of a travel building with suitcase,png-transparent-travel-graphy-tourism-world-travel-building-world-suitcase-thumbnail.png
logo of a travel couple colored clipart,png-transparent-travel-tourism-travel-thumbnail.png
logo of a dashion blank white color t shirt,png-transparent-white-crew-neck-t-shirt-disneyland-t-shirt-hoodie-american-apparel-back-tshirt-angle-white-thumbnail.png
logo of a antique women fashion,png-transparent-fashion-illustration-vintage-clothing-costume-fashion-illustration-fashion-woman-antique-thumbnail.png
logo of a fashion zccessories colored clipart drawing,png-transparent-fashion-design-model-illustration-women-model-women-accessories-holidays-hand-thumbnail.png
logo of a fashion girls shopping black and white clipart,png-transparent-fashion-illustration-female-crazy-shopping-miscellaneous-fashion-logo-thumbnail.png
logo of a red lion face clipart,png-transparent-red-lion-illustration-t-shirt-fashion-clothing-casual-graffiti-design-casual-fashion-trend-material-template-tshirt-ink-thumbnail.png
logo of a fashion illustration of a female wearing pink,png-transparent-fashion-girl-shopping-girl-woman-holding-two-bags-illustration-fashion-girl-happy-birthday-vector-images-fashion-illustration-thumbnail.png
logo of a fashion celebrities wearing brown,png-transparent-fashion-clothing-model-hugo-boss-dress-celebrities-brown-orange-thumbnail.png
logo of a fashion transparent face women,png-transparent-woman-fashion-silhouette-white-face-animals-thumbnail.png
logo of a fashion sketch drawing clipart,png-transparent-woman-wearing-dress-sketch-new-york-fashion-week-fashion-design-fashion-illustration-sketch-graffiti-sketch-girls-painted-fashion-girl-hand-thumbnail.png
logo of a fashion male wearing casual,png-transparent-smart-casual-blazer-business-casual-fashion-jacket-converse-formal-wear-outerwear-thumbnail.png
logo of a fashion singer singing black and white clipart,png-transparent-silhouette-of-a-man-singing-singing-music-fashion-shadow-singer-singing-fashion-girl-hand-monochrome-thumbnail.png
logo of a fashion male wearing casulas,png-transparent-display-resolution-mens-fashion-file-image-file-formats-shoe-formal-wear-thumbnail.png
logo of a fashion girl wearing white ,png-transparent-peleuswe-fashion-shoe-model-clothing-fashion-personality-women-white-holidays-fashion-girl-thumbnail.png
logo of a fashion mustache face blue color,png-transparent-men-s-black-beard-hairstyle-beard-barber-fashion-beard-and-moustache-face-people-logo-thumbnail.png
logo of a black color fashion bag,png-transparent-tote-bag-shopping-bags-trolleys-bag-white-rectangle-accessories-thumbnail.png
logo of a school backpack clipart,png-transparent-bag-school-bag-photography-backpack-school-supplies-thumbnail.png
logo of a fashion textile white color bag,png-transparent-handbag-t-shirt-tote-bag-bag-white-textile-backpack-thumbnail.png
logo of a pink color fashion handbag,png-transparent-handbag-tote-bag-messenger-bag-leather-women-s-handbags-zipper-luggage-bags-women-accessories-thumbnail.png
logo of a black color plastic bag,png-transparent-of-black-plastic-bag-plastic-bag-bin-bag-rubbish-bins-waste-paper-baskets-plastic-bag-recycling-accessories-waste-thumbnail.png
logo of a fashion blue color backpack bag,png-transparent-blue-backpack-bag-backpack-school-graphy-book-school-bag-blue-supplies-luggage-bags-thumbnail.png
logo of a fashion shoping red color bag,png-transparent-shopping-bags-trolleys-gift-bags-rectangle-accessories-shopping-bags-trolleys-thumbnail.png
logo of a black color waste bag,png-transparent-gray-garbage-bag-plastic-bag-bin-bag-rubbish-bins-waste-paper-baskets-garbage-accessories-waste-gunny-sack-thumbnail.png
logo of a black color woemn fashion hand bag,png-transparent-handbag-messenger-bag-leather-tote-bag-women-s-handbags-zipper-luggage-bags-women-accessories-thumbnail.png
logo of a blue color fashion luggage bag,png-transparent-handbag-messenger-bag-leather-tote-bag-women-s-handbags-zipper-luggage-bags-women-accessories-thumbnail.png
logo of a fashion shooping cart icon bag,png-transparent-computer-icons-bag-shopping-cart-bag-rectangle-retail-accessories-thumbnail.png
logo of a blue color fashion backpack bag,png-transparent-backpacking-bag-backpack-blue-luggage-bags-backpack-thumbnail.png
logo of a red color fashion woemn hand bag,png-transparent-handbag-leather-tote-bag-messenger-bag-women-s-handbags-zipper-white-luggage-bags-thumbnail.png
logo of a red and black color fashion unisex backpack bag,png-transparent-black-gray-and-red-backpack-bag-backpack-school-school-bag-luggage-bags-fashion-baggage-thumbnail.png
logo of a white brown fashion women hand bag,png-transparent-tote-bag-christian-dior-se-lady-dior-handbag-bag-white-brown-leather-thumbnail.png
logo of a pink color fashion hand bag and lagguages ,png-transparent-handbag-messenger-bag-tote-bag-leather-women-s-handbags-zipper-luggage-bags-holidays-thumbnail.png
logo of a fashion gucci hand bag women,png-transparent-gucci-fashion-messenger-bags-handbag-bag-brown-leather-fashion-thumbnail.png
logo of a orange color fashion luggage bag,png-transparent-handbag-messenger-bags-women-bag-luggage-bags-orange-leather-thumbnail.png
logo of a multicolored bags fashion luggages,png-transparent-a-combination-of-travel-bags-product-kind-bags-handbag-thumbnail.png
logo of a money bag,png-transparent-money-bag-bag-of-money-saving-united-states-dollar-money-thumbnail.png
logo of a multicolored fashion gift bags,png-transparent-tote-bag-shopping-bag-gift-gift-bag-accessories-gift-box-bag-vector-thumbnail.png
logo of a shopping cart logo bag,png-transparent-shopping-bag-shopping-bag-icon-shopping-bag-text-rectangle-logo-thumbnail.png
logo of a colored shopping bags,png-transparent-shopping-bags-trolleys-bag-accessories-sticker-shopping-bags-trolleys-thumbnail.png
logo of a fashion women bags,png-transparent-tote-bag-handbag-leather-wallet-bag-zipper-brown-luggage-bags-thumbnail.png
logo of a fashion brown bag ,png-transparent-kraft-paper-plastic-bag-paper-bag-shopping-bags-trolleys-kraft-paper-bag-brown-retail-food-packaging-thumbnail.png
logo of a fashion canvas shoes clipart colored,png-transparent-shoe-converse-sneakers-canvas-shoes-cdr-white-painted-thumbnail.png
logo of a fashion canvas shoes clipart colored top,png-transparent-shoe-sneakers-graphy-canvas-cartoon-shoes-miscellaneous-white-photography-thumbnail.png
logo of a fashion black color leather male shoe,png-transparent-pair-of-black-leather-dress-shoes-art-dress-shoe-black-men-shoes-leather-fashion-outdoor-shoe-thumbnail.png
logo of a fashion brown color leather male shoe,png-transparent-khaki-shoe-leather-khaki-shoes-brown-mens-fashion-thumbnail.png
logo of a fashion baby shoes clipart,png-transparent-sneakers-shoe-shoes-fashion-baby-shoes-monochrome-thumbnail.png
logo of a fashion blue color baby children shoes ,png-transparent-sneakers-skate-shoe-child-children-shoes-fashion-outdoor-shoe-female-shoes-thumbnail.png
logo of a fashion sneakers shoes colored clipart,png-transparent-sneakers-shoe-running-shoes-outdoor-shoe-converse-shoe-thumbnail.png
logo of a fashion white and grey running shoe,png-transparent-air-force-nike-free-sneakers-huarache-shoe-running-shoes-white-grey-outdoor-shoe-thumbnail.png
logo of a fashion red color sneakers shoes,png-transparent-nike-free-nike-air-max-sneakers-shoe-red-shoes-thumbnail.png
logo of a fashion watercolor shoes clipart ,png-transparent-pair-of-red-nike-shoes-painting-t-shirt-nike-sneakers-watercolor-shoes-watercolor-painting-watercolor-leaves-fashion-thumbnail.png
logo of a fashion female heel shoes red color,png-transparent-pair-of-red-leather-platform-heeled-shoes-high-heeled-footwear-shoe-stiletto-heel-fashion-red-shoes-court-shoe-heel-foot-thumbnail.png
logo of a fashion game shoes highlight green color,png-transparent-unpaired-green-and-b-lack-nike-air-max-shoe-nike-free-nike-mag-shoe-nike-running-shoes-game-girls-outdoor-shoe-thumbnail.png
logo of a fashion game shoes highlight gray color and pink color,png-transparent-nike-free-sneakers-shoe-women-s-sports-shoes-white-sport-fashion-thumbnail.png
logo of a fashion shoe clipart,png-transparent-illustration-of-shoe-sneakers-shoe-converse-track-running-shoes-outline-white-text-hand-thumbnail.png
logo of a fashion jordan sneakers red color and white color shoe clipart,png-transparent-white-and-red-air-jordan-1-shoe-illustration-jumpman-air-jordan-drawing-shoe-sneakers-running-shoes-white-outdoor-shoe-sports-thumbnail.png
logo of a flat fashion brown color male shoes,png-transparent-shoe-footwear-boot-ballet-flat-shoes-brown-leather-fashion-thumbnail.png
logo of a fashion air max nike shoes blue and colors clipatr,png-transparent-gray-white-and-blue-nike-air-max-shoe-illustration-sneakers-shoe-nike-air-max-air-jordan-nike-running-shoes-tshirt-sport-basketballschuh-thumbnail.png
logo of a fashion white color running shoe,png-transparent-footwear-shoe-sneakers-sportswear-men-shoes-white-men-shoes-walking-shoe-thumbnail.png
logo of a transparent fashion shoe sneakers  black and whiteclipart,png-transparent-sneakers-shoe-graphy-others-white-logo-monochrome-thumbnail.png
logo of a black and white color fashion shoe clipart,png-transparent-black-shoe-illustration-sneakers-adidas-computer-icons-shoe-running-running-shoes-miscellaneous-white-logo-thumbnail.png
logo of a fashion cow print black and white color,png-transparent-cow-print-seamless-pattern-thumbnail.png
logo of a transparentseamless pattern,png-transparent-seamless-pattern-thumbnail.png
logo of a transparent wind wave pattern waves seamless background texture blue textile,png-transparent-wind-wave-pattern-waves-seamless-background-texture-blue-textile-thumbnail.png
logo of a transparent japanese wave seamless pattern,png-transparent-japanese-wave-seamless-pattern-thumbnail.png
logo of a transparent seamless fish scale pattern,png-transparent-seamless-fish-scale-pattern-thumbnail.png
logo of a public holiday christmas and holiday season christmas decoration christmas bell buckle material holidays gold balls,png-transparent-public-holiday-christmas-and-holiday-season-christmas-decoration-free-christmas-bell-buckle-material-holidays-atmosphere-gold-thumbnail.png
logo of a light fashion decorations,png-transparent-christmas-ornament-holiday-christmas-decoration-christmas-light-fixture-holidays-photography-thumbnail.png
logo of a coconut and holiday beach food holidays,png-transparent-coconut-and-holiday-beach-food-holidays-thumbnail.png
logo of a holiday christmas gifts and boxes,png-transparent-holiday-gift-holiday-gifts-gift-christmas-gift-thumbnail.png
logo of a fashion brown color hat,png-transparent-cowboy-hat-hats-brown-hat-cowboy-thumbnail.png
logo of a chefs hat clipart black and white,png-transparent-chef-hat-illustration-chef-s-uniform-hat-hat-thumbnail.png
logo of a christams icons,png-transparent-hat-bonnet-christmas-icon-christmas-hats-angle-christmas-decoration-merry-christmas-thumbnail.png
logo of a christams hat santa hat,png-transparent-santa-claus-mrs-claus-hat-christmas-red-christmas-hat-christmas-decoration-fictional-character-tail-thumbnail.png
logo of a christmas hat clipart colored,png-transparent-hat-christmas-hats-hat-hand-manga-thumbnail.png
logo of a fashion sun hat,png-transparent-brown-straw-sun-hat-straw-hat-cap-cowboy-hat-sun-hat-raffia-hat-file-hat-fashion-accessories-thumbnail.png
logo of a fashion white color cowboy hat,png-transparent-panama-hat-straw-hat-cap-clothing-hat-hat-cowboy-hat-clothing-accessories-thumbnail.png
logo of a birth day hat orange color clipart,png-transparent-party-hat-party-hat-birthday-birthday-hat-holidays-hat-orange-thumbnail.png
logo of a birth day hat yellow and blue color clipart,png-transparent-birthday-hat-cartoon-hat-clothing-accessories-headdress-dress-thumbnail.png
logo of a fashion cowboy hat black color,png-transparent-fedora-hat-cap-beanie-beret-hats-hat-fashion-cowboy-hat-thumbnail.png
logo of a fashion cow boy hat clack color hat,png-transparent-fedora-cowboy-hat-stetson-hat-hat-cowboy-cowboy-hat-thumbnail.png
logo of a fashion black color top hat,png-transparent-top-hat-top-hat-hat-bowler-hat-cap-thumbnail.png
logo of a animal eagle colored clipart,png-transparent-bald-eagle-logo-cartoon-eagle-animals-carnivoran-vertebrate-thumbnail.png
logo of a giant eagle brown color clipart animal,png-transparent-american-bald-eagle-bald-eagle-golden-eagle-animals-fauna-wildlife-thumbnail.png
logo of a eagle animal black and white clipart,png-transparent-eagle-illustration-bald-eagle-golden-eagle-eagle-wings-tattoo-animals-carnivoran-galliformes-thumbnail.png
logo of a eagle animal black and white color clipart,png-transparent-bald-eagle-logo-eagle-animals-fauna-bird-thumbnail.png
logo of a eagle animal face black and white drawing clipart,png-transparent-gray-eagle-illustration-bald-eagle-drawing-hawk-mountain-sanctuary-golden-eagle-eagle-face-animals-monochrome-thumbnail.png
logo of a eagle animal colored clipart ,png-transparent-bald-eagle-drawing-eagle-animals-bald-eagle-fauna-thumbnail.png
logo of a eagle animal blue and white clipart ,png-transparent-eagle-illustration-bald-eagle-white-tailed-eagle-gunfare-animals-photography-logo-thumbnail.png
logo of a eagle animal clipart ,png-transparent-bald-eagle-eagle-fauna-wildlife-bird-thumbnail.png
logo of a eagle animal waving wings ,png-transparent-bald-eagle-eagle-animals-fauna-wildlife-thumbnail.png
logo of a eagle animal,png-transparent-eagle-eagle-animals-bald-eagle-fauna-thumbnail.png
logo of a illustration letter b alphabat,png-transparent-teal-letter-b-illustration-letter-case-alphabet-letter-b-text-rectangle-b-thumbnail.png
logo of a multicoloured letter b alphabat ,png-transparent-multicolored-b-logo-letter-b-typeface-colorful-letters-b-color-splash-png-graphics-rectangle-thumbnail.png
logo of a hand phone icon,png-transparent-talbot-house-b-b-telephone-call-computer-icons-iphone-phone-icon-electronics-hand-phone-icon-thumbnail.png
logo of a illustration letter b alphabat capital,png-transparent-black-letter-b-illustration-logo-brand-black-and-white-pattern-letter-b-text-photography-rectangle-thumbnail.png
logo of a illustation letter c alphabat ,png-transparent-c-logo-c-programming-language-icon-letter-c-blue-logo-computer-program-thumbnail.png
logo of a multicoloured letter C alphabat ,png-transparent-multicolored-letter-c-illustration-c-letter-colorful-letters-c-template-color-splash-png-graphics-thumbnail.png
logo of a illustration letter C alphabat capital clipart,png-transparent-letter-c-alphabet-c-miscellaneous-angle-text-thumbnail.png
logo of a letter c in red color ,png-transparent-letter-alphabet-c-k-icon-letter-c-text-b-c-thumbnail.png
logo of a multicoloured letter D alphabat capital,png-transparent-color-letters-d-letter-colour-d-thumbnail.png
logo of a illustrationletter d alphabat,png-transparent-d-letter-illustration-roblox-game-play-design-letter-d-game-text-rectangle-thumbnail.png
logo of a letter d clipart ,png-transparent-letter-letter-d-white-text-rectangle-thumbnail.png
logo of a world tower clipart black and white ,png-transparent-minar-e-pakistan-drawing-minar-e-pakistan-thumbnail.png
logo of a letter E in capital albhapat ,png-transparent-e-letter-marquee-light-letter-alphabet-neon-red-neon-alphabet-e-purple-lights-text-thumbnail.png
logo of a wall e clipart cartoon,png-transparent-wall-e-illustration-wall-e-cartoons-cartoon-pixar-thumbnail.png
logo of a letter f in clipart black ,png-transparent-computer-icons-facebook-social-media-f-logo-cross-brand-thumbnail.png
logo of a 18+ icon,png-transparent-codepen-logo-computer-icons-organization-f-18-text-trademark-logo-thumbnail.png
logo of a ford black color truck vehicle ,png-transparent-ford-f-series-car-pickup-truck-2017-ford-f-150-raptor-ford-truck-automatic-transmission-vehicle-thumbnail.png
logo of a multicoloured letter f alphabat ,png-transparent-purple-green-and-blue-f-illustration-letter-blue-green-f-blue-green-and-purple-spell-letters-f-purple-blue-angle-thumbnail.png
logo of a multicoloured letter G capital alphabat,png-transparent-yellow-green-orange-blue-and-pink-letter-g-clip-arrt-c-letter-colorful-letters-g-color-splash-png-graphics-rectangle-thumbnail.png
logo of a letter G capital alphabat,png-transparent-letter-g-alphabet-others-miscellaneous-angle-text-thumbnail.png
logo of a multicoloured letter H capital alphabat,png-transparent-assorted-color-h-illustration-letter-h-colorful-letters-h-color-splash-png-graphics-rectangle-thumbnail.png
logo of a letter H clipart alphabat,png-transparent-arial-stencil-h-letter-barricade-thumbnail.png
logo of a multicoloured letter I capital alphabat,png-transparent-multicolored-i-letter-font-colorful-letters-i-angle-color-splash-png-graphics-thumbnail.png
logo of a simple I letter alphabat clipart,png-transparent-letter-alphabet-i-z-information-miscellaneous-text-hand-thumbnail.png
logo of a multicoloured letter J capital alphabat,png-transparent-multicolored-letter-j-illustration-letter-typography-font-colorful-letters-j-angle-color-splash-png-graphics-thumbnail.png
logo of a letter j capital albhabat black and white clipart,png-transparent-blackletter-j-computer-icons-typography-j-letter-angle-white-text-thumbnail.png
logo of a multicoloured letter K capital alphabat,png-transparent-green-and-multicolor-letter-k-letter-k-logo-font-colorful-letters-k-angle-color-splash-png-graphics-thumbnail.png
logo of a letter K black and white clipart,png-transparent-letter-case-k-computer-icons-k-miscellaneous-angle-text-thumbnail.png
logo of a multicoloured letter L capital alphabat,png-transparent-multicolored-letter-l-illustration-letter-colorful-letters-l-angle-color-splash-png-graphics-thumbnail.png
logo of a letter L black and white clipart,png-transparent-letter-case-english-alphabet-letter-l-angle-text-rectangle-thumbnail.png
logo of a multicoloured coloeful letter N alphabat,png-transparent-letter-n-letter-n-royal-rivalry-colorful-letters-n-angle-color-splash-png-graphics-thumbnail.png
logo of a letter N capital black and white clipart alphabat,png-transparent-letter-case-english-alphabet-letter-n-miscellaneous-angle-text-thumbnail.png
logo of a letter O capital black and white clipart,png-transparent-letter-case-o-others-logo-monochrome-black-thumbnail.png
logo of a multicoloured letter P capital alphabat,png-transparent-multicolored-p-logo-letter-p-colorful-letters-p-color-splash-png-graphics-triangle-thumbnail.png
logo of a multicoloured letter Q capital alphabat,png-transparent-multicolored-letter-q-illustration-number-colorful-letters-q-color-splash-png-graphics-rectangle-thumbnail.png
logo of a venom illustrater cartoon colored clipart ,png-transparent-q-version-of-the-interstellar-figures-us-man-american-comics-graffiti-thumbnail.png
logo of a multicoloured letter R capital alphabat,png-transparent-multicolored-r-illustration-letter-p-r-score-colorful-letters-r-color-splash-english-png-graphics-thumbnail.png
logo of a multicoloured lletter s capital alphabat,png-transparent-letter-english-alphabet-color-colorful-letters-s-multicolored-s-color-splash-png-graphics-hand-thumbnail.png
logo of a illustartion letter t capital alphabat,png-transparent-green-letter-t-illustration-letter-alphabet-t-angle-b-a-thumbnail.png
logo of a multicoloured letter U capital alphabat,png-transparent-illustration-of-letter-u-letter-u-colorful-letters-u-color-splash-png-graphics-rectangle-thumbnail.png
logo of a letter u in alphabat,png-transparent-letter-font-u-miscellaneous-angle-text-thumbnail.png
logo of a multicoloured letter V capital alphabat,png-transparent-multicolored-geometric-letter-v-illustration-letter-icon-colorful-letters-v-color-splash-png-graphics-triangle-thumbnail.png
logo of a letter v black and white clipart,png-transparent-blackletter-letter-case-v-upsilon-v-letter-angle-text-triangle-thumbnail.png
logo of a multicoloured letter w capital alphabat,png-transparent-multicolored-w-letter-letter-w-colorful-letters-w-color-splash-png-graphics-triangle-thumbnail.png
logo of a letter w in alphabat black and white ,png-transparent-stencil-printing-w-letter-others-miscellaneous-angle-text-thumbnail.png
logo of a letter x in alphabat,png-transparent-x-mark-computer-icons-check-mark-x-mark-thumbnail.png
logo of a letter Y multicoloured in alphabat,png-transparent-multicolored-y-logo-letter-y-colorful-letters-y-color-splash-png-graphics-color-pencil-thumbnail.png
logo of a lion animal face lion king ,png-transparent-lion-logo-roar-lions-lion-y-white-mammal-face-thumbnail.png
logo of a letter y in albhabat black and white clipart,png-transparent-letter-case-english-alphabet-y-computer-icons-y-miscellaneous-angle-english-thumbnail.png
logo of a letter z multicoloured in alphabat,png-transparent-multicolored-z-illustration-z-letter-font-colorful-letters-z-angle-color-splash-png-graphics-thumbnail.png
logo of a letter z black and white clipart,png-transparent-letter-case-z-english-alphabet-z-letter-logo-angle-text-rectangle-thumbnail.png
logo of a fashion woemn shoes purple and white color ,png-transparent-adidas-shoe-sneakers-women-shoes-purple-white-violet-thumbnail.png
logo of a fashion sportware shoe blue color,png-transparent-sneakers-basketball-shoe-sportswear-nike-shoe-outdoor-shoe-running-sneakers-thumbnail.png
logo of a fashion leather black male shoes,png-transparent-shoe-shoes-brown-leather-fashion-thumbnail.png
logo of a fashion brown leather shoes c,png-transparent-pair-of-brown-leather-shoes-shoe-leather-sneakers-men-shoes-brown-fashion-outdoor-shoe-thumbnail.png
logo of a white and orange fashion shoes clipart colored,png-transparent-shoe-sneakers-shoe-white-orange-outdoor-shoe-thumbnail.png
logo of a fashion running shoes black color,png-transparent-unpaired-black-running-shoe-sneakers-skate-shoe-nike-adidas-a-sports-shoes-white-sport-fashion-thumbnail.png
logo of a fashion shoes brown color men,png-transparent-shoe-footwear-men-shoes-brown-leather-fashion-thumbnail.png
logo of a cloud with black sunglass clipart colored,2.png
logo of a red color robo cartoon clipart colored,3.png
logo of a green color king frog cartoon clipart colored,4.png
logo of a brown color stray dog animal colored clipart,5.png
logo of a antique women riding horse ,6.png
logo of a caption navy colored clipart japan soilder,7.png
logo of a red color cartoon crab clipart colored,8.png
logo of a black and white clipart women on moon ,9.png
logo of a blue color mail cartoon clipart,10.png
logo of a lady of the moon,11.png
logo of a death in black font,12.png
logo of a cartoon girl with shades on ,13.png
logo of a bible in black font,14.png
logo of a spike hair cut lady clipart black and white,15.png
logo of a lady girl wearing christmas hat clipart ,16.png
logo of a musculer biker clipart black and white,17.png
logo of a black and white musculer santa,18.png
logo of a skydiver on earth clipart,19.png
logo of a lizard clipart,20.png
logo of a cofee cup with todo list clipart,21.png
logo of a gym rat clipart,22.png
logo of a white heart inside of a green heart ,23.png
logo of a white heart inside of a red heart ,24.png
logo of a red heart,25.png
logo of a grey color banar clipart,26.png
logo of a black color banar clipart,27.png
logo of a gold yellow banner clipart,28.png
logo of a man carrys a rock clipart,29.png
logo of a human hand point down clipart ,30.png
logo of a ranger lady black and white clipart,31.png
logo of a ranger lady yellow clipart,32.png
logo of a ranger ladywith champain clipart,33.png
logo of a pilot black and white clipart,34.png
logo of a big white heart with reed outline,35.png
logo of a green color banaer clipart,36.png
logo of a green color heart,37.png
logo of a light green color heart clipart,38.png
logo of a pink color heart clipart,39.png
logo of a vape in hand black and whit clipart,40.png
logo of a box clipart,41.png
logo of a vs circle blue and red sport,42.png
logo of a vs blue and red,43.png
logo of a vs black and white ,44.png
logo of a party girl clipart,45.png
logo of a colored lolipop clipart,46.png
logo of a white color dog clipart with chain,47.png
logo of a hot dog clipart,48.png
logo of a white color gorilla clipart,49.png
logo of a god fish clipart,50.png
logo of a clipart of a mountain,51.png
logo of a star coffe cup clipart,52.png
logo of a hallowen lady with pumpking clipart,53.png
logo of a lady with a pumpking clipart,54.png
logo of a construction worker clipart women,55.png
logo of a black cat clipart,56.png
logo of a multicolored caution sign clipart,57.png
logo of a black color drop clipart,58.png
logo of a stray cat yawning clipartwith greeen eyes,59.png
logo of a two gold fishes clipart,60.png
logo of a carrot clipart food,61.png
logo of a yellow color paw sign clipart,62.png
logo of a don’t cut tress sign,63.png
logo of a homosexual sign pink clipart,64.png
logo of a oak tree leaf clipart,65.png
logo of a lion colored clipart,67.png
logo of a laughing squrill face clipart animal,68.png
logo of a laughing squrill animal clipart,69.png
logo of a happiest laughing squirell face colored clipart,70.png
logo of a black circle in colored ,71.png
logo of a pirate rum bottle clipart,72.png
logo of a fox in jetpack cartoon clipart,73.png
logo of a meditating cat clipart,74.png
logo of a yoga lady black and white clipart,75.png
logo of a man with mask soilder black and white clipart,76.png
logo of a man with mask soilder black and white super soilder,77.png
logo of a like hand clipart,78.png
logo of a unlike hand calipart,79.png
logo of a like hand in green clipart,80.png
logo of a fatty burger realistic food clipart,f21.png
logo of a stray cat white animal,a83.png
logo of a salmon in nice plate food,f84.png
logo of a bunch of fruits cut by half ,f85.png
logo of a fastfoods ,f86.png
logo of a stake on pan food with potatos ,f87.png
logo of a pudding pie food,f88.png
logo of a noodels bowl with tomatos food,f89.png
logo of a heart full of healthy foods ,f90.png
logo of a kimchi plate food cucumber ,f91.png
logo of a shopping cart full of vegetables ,f92.png
logo of a stack of colored donuts food,f93.png
logo of a french fries food,f94.png
logo of a halal logoin green color clipart,f95.png
logo of a burgers and fries fast food,f96.png
logo of a slices of steak in bowl with potatoes food,f97.png
logo of a plate of friench fries food,f98.png
logo of a big taco food mexican,f99.png
logo of a women holding pizza slice food,f100.png
logo of a lot of vegetbales in bottom food,f101.png
logo of a bucket  of healthy vegetables food,f102.png
logo of a bucket full of healthy vegetables food,f103.png
logo of a healthy vegetables clipart food,f104.png
logo of a vegetables clipartin back ground,f105.png
logo of a bunch of vegetables and fruits  food,f106.png
logo of a three carrots food,f107.png
logo of a vegetables in a bucket ,f108.png
logo of a fruits and vegetables ,f109.png
logo of a vegetables ,f110.png
logo of a sliced vegetables in a bowl ,f111.png
logo of a healthy vegetables in background,f112.png
logo of a bucket of vegetables ,f113.png
logo of a tomatoes ,f114.png
logo of a bunch of fruits ,f115.png
logo of a starwberry fruit,f116.png
logo of a orange with fruits,f117.png
logo of a pineaplle,f118.png
logo of a fruits ,f119.png
logo of a orange fruite,f120.png
logo of a big bucket full of fruits,f121.png
logo of a cup of a fruits,f122.png
logo of a fruits realistic,f123.png
logo of a limes fruit,f125.png
logo of a bowl of a sliced fruits,f126.png
logo of a half cutted fruits,f127.png
logo of a real apple ,f128.png
logo of a blueberries ,f129.png
logo of a bunch of fruits ,f130.png
logo of a bunch of fruits clipart,f131.png
logo of a sliced watermelon ,f132.png
logo of a circle of fruits and vegetables clipart,f133.png
logo of a strawberries,f134.png
logo of a bananas fruit,f135.png
logo of a papaya fruits,f136.png
logo of a bunch of fruits with starwberries,f137.png
logo of a peach fruit,f138.png
logo of a sliced pineapple fruit,f139.png
logo of a sliced apple ,f140.png
logo of a cocacola in chilled glass,f141.png
logo of a drink cup clipart,f142.png
logo of a orange juice glass,f143.png
logo of a soda cup clipart,f144.png
logo of a apple juice with ince in a glass ,f145.png
logo of a blue mojito with umbrella on top ,f146.png
logo of a drinking water clipart,f147.png
logo of a chilled beer ,f148.png
logo of a cuppachino ,f149.png
logo of a lime juice ,f150.png
logo of a chocolate drink ,f151.png
logo of a cofee cup,f152.png
